commentId,comment,classification,comment_processed,word_phrase_list,spectacular,impression,similarity_score
109991,My impression was that this business sold way too many groupons and was regretting it!,1,impression business sell way group regret,"['impression', 'impression business', 'impression business sell', 'impression business sell way', 'impression business sell way group', 'impression business sell way group regret', 'business', 'business sell', 'business sell way', 'business sell way group', 'business sell way group regret', 'sell', 'sell way', 'sell way group', 'sell way group regret', 'way', 'way group', 'way group regret', 'group', 'group regret', 'regret']",0,1,0.08333333333333333
86909,and the results are really spectacular!,0,result spectacular,"['result', 'result spectacular', 'spectacular']",1,0,0.3333333333333333
78795,"If only there were some way to make the mold impression stage less ""traumatic"" it really bothered my boy.",1,way mold impression stage traumatic gather boy,"['way', 'way mold', 'way mold impression', 'way mold impression stage', 'way mold impression stage traumatic', 'way mold impression stage traumatic gather', 'way mold impression stage traumatic gather boy', 'mold', 'mold impression', 'mold impression stage', 'mold impression stage traumatic', 'mold impression stage traumatic gather', 'mold impression stage traumatic gather boy', 'impression', 'impression stage', 'impression stage traumatic', 'impression stage traumatic gather', 'impression stage traumatic gather boy', 'stage', 'stage traumatic', 'stage traumatic gather', 'stage traumatic gather boy', 'traumatic', 'traumatic gather', 'traumatic gather boy', 'gather', 'gather boy', 'boy']",0,1,0.06451612903225806
60024,"He seemed very competent, gave the impression that he knew what he was doing.",0,competent give impression know,"['competent', 'competent give', 'competent give impression', 'competent give impression know', 'give', 'give impression', 'give impression know', 'impression', 'impression know', 'know']",0,1,0.15384615384615385
95428,First impression ALL staff were professional,0,impression staff professional,"['impression', 'impression staff', 'impression staff professional', 'staff', 'staff professional', 'professional']",0,1,0.2222222222222222
69827,She seemed less than enthused about helping ...just not a good front entry impression.,0,entrust help not good entry impression,"['entrust', 'entrust help', 'entrust help not', 'entrust help not good', 'entrust help not good entry', 'entrust help not good entry impression', 'help', 'help not', 'help not good', 'help not good entry', 'help not good entry impression', 'not', 'not good', 'not good entry', 'not good entry impression', 'good', 'good entry', 'good entry impression', 'entry', 'entry impression', 'impression']",0,1,0.08333333333333333
148750,and from my first impression he was very passionate and loves what he does.,0,impression passionate love,"['impression', 'impression passionate', 'impression passionate love', 'passionate', 'passionate love', 'love']",0,1,0.2222222222222222
170207,"No sé si este es un buen doctor o no, pero mi primera impresión por llamada fue bastante desalentadora por",1,no silicon eastern time e o no mi primary impression llamada castanet desalentadora,"['no', 'no silicon', 'no silicon eastern', 'no silicon eastern time', 'no silicon eastern time e', 'no silicon eastern time e o', 'no silicon eastern time e o no', 'no silicon eastern time e o no mi', 'no silicon eastern time e o no mi primary', 'no silicon eastern time e o no mi primary impression', 'no silicon eastern time e o no mi primary impression llamada', 'no silicon eastern time e o no mi primary impression llamada castanet', 'no silicon eastern time e o no mi primary impression llamada castanet desalentadora', 'silicon', 'silicon eastern', 'silicon eastern time', 'silicon eastern time e', 'silicon eastern time e o', 'silicon eastern time e o no', 'silicon eastern time e o no mi', 'silicon eastern time e o no mi primary', 'silicon eastern time e o no mi primary impression', 'silicon eastern time e o no mi primary impression llamada', 'silicon eastern time e o no mi primary impression llamada castanet', 'silicon eastern time e o no mi primary impression llamada castanet desalentadora', 'eastern', 'eastern time', 'eastern time e', 'eastern time e o', 'eastern time e o no', 'eastern time e o no mi', 'eastern time e o no mi primary', 'eastern time e o no mi primary impression', 'eastern time e o no mi primary impression llamada', 'eastern time e o no mi primary impression llamada castanet', 'eastern time e o no mi primary impression llamada castanet desalentadora', 'time', 'time e', 'time e o', 'time e o no', 'time e o no mi', 'time e o no mi primary', 'time e o no mi primary impression', 'time e o no mi primary impression llamada', 'time e o no mi primary impression llamada castanet', 'time e o no mi primary impression llamada castanet desalentadora', 'e', 'e o', 'e o no', 'e o no mi', 'e o no mi primary', 'e o no mi primary impression', 'e o no mi primary impression llamada', 'e o no mi primary impression llamada castanet', 'e o no mi primary impression llamada castanet desalentadora', 'o', 'o no', 'o no mi', 'o no mi primary', 'o no mi primary impression', 'o no mi primary impression llamada', 'o no mi primary impression llamada castanet', 'o no mi primary impression llamada castanet desalentadora', 'no', 'no mi', 'no mi primary', 'no mi primary impression', 'no mi primary impression llamada', 'no mi primary impression llamada castanet', 'no mi primary impression llamada castanet desalentadora', 'mi', 'mi primary', 'mi primary impression', 'mi primary impression llamada', 'mi primary impression llamada castanet', 'mi primary impression llamada castanet desalentadora', 'primary', 'primary impression', 'primary impression llamada', 'primary impression llamada castanet', 'primary impression llamada castanet desalentadora', 'impression', 'impression llamada', 'impression llamada castanet', 'impression llamada castanet desalentadora', 'llamada', 'llamada castanet', 'llamada castanet desalentadora', 'castanet', 'castanet desalentadora', 'desalentadora']",0,1,0.02127659574468085
118668,I visited other highly rated doctors before making my decision but none of them left the same impression on me.,0,visit highly rate doctor make decision none leave impression,"['visit', 'visit highly', 'visit highly rate', 'visit highly rate doctor', 'visit highly rate doctor make', 'visit highly rate doctor make decision', 'visit highly rate doctor make decision none', 'visit highly rate doctor make decision none leave', 'visit highly rate doctor make decision none leave impression', 'highly', 'highly rate', 'highly rate doctor', 'highly rate doctor make', 'highly rate doctor make decision', 'highly rate doctor make decision none', 'highly rate doctor make decision none leave', 'highly rate doctor make decision none leave impression', 'rate', 'rate doctor', 'rate doctor make', 'rate doctor make decision', 'rate doctor make decision none', 'rate doctor make decision none leave', 'rate doctor make decision none leave impression', 'doctor', 'doctor make', 'doctor make decision', 'doctor make decision none', 'doctor make decision none leave', 'doctor make decision none leave impression', 'make', 'make decision', 'make decision none', 'make decision none leave', 'make decision none leave impression', 'decision', 'decision none', 'decision none leave', 'decision none leave impression', 'none', 'none leave', 'none leave impression', 'leave', 'leave impression', 'impression']",0,1,0.041666666666666664
150088,Dr Shim stuff gives me wrong impression of how this procedure was going to be.,1,stuff give wrong impression procedure go,"['stuff', 'stuff give', 'stuff give wrong', 'stuff give wrong impression', 'stuff give wrong impression procedure', 'stuff give wrong impression procedure go', 'give', 'give wrong', 'give wrong impression', 'give wrong impression procedure', 'give wrong impression procedure go', 'wrong', 'wrong impression', 'wrong impression procedure', 'wrong impression procedure go', 'impression', 'impression procedure', 'impression procedure go', 'procedure', 'procedure go', 'go']",0,1,0.08333333333333333
111197,My first impression has ?been very pleasant.,0,impression pleasant,"['impression', 'impression pleasant', 'pleasant']",0,1,0.3333333333333333
113960,great first impression amazing workers and doctor.,0,great impression amaze worker,"['great', 'great impression', 'great impression amaze', 'great impression amaze worker', 'impression', 'impression amaze', 'impression amaze worker', 'amaze', 'amaze worker', 'worker']",0,1,0.15384615384615385
123969,"I just wanted to tell everyone, they look spectacular!",0,want tell look spectacular,"['want', 'want tell', 'want tell look', 'want tell look spectacular', 'tell', 'tell look', 'tell look spectacular', 'look', 'look spectacular', 'spectacular']",1,0,0.15384615384615385
100486,This expectation is only solidified upon the first impression of his person and staff.,0,expectation solidify impression person staff,"['expectation', 'expectation solidify', 'expectation solidify impression', 'expectation solidify impression person', 'expectation solidify impression person staff', 'solidify', 'solidify impression', 'solidify impression person', 'solidify impression person staff', 'impression', 'impression person', 'impression person staff', 'person', 'person staff', 'staff']",0,1,0.1111111111111111
143834,"Hopefully, you?ll be lucky enough to have Mariah as your PT coordinator-she?s spectacular!!",0,hopefully lucky mare coordinatorshes spectacular,"['hopefully', 'hopefully lucky', 'hopefully lucky mare', 'hopefully lucky mare coordinatorshes', 'hopefully lucky mare coordinatorshes spectacular', 'lucky', 'lucky mare', 'lucky mare coordinatorshes', 'lucky mare coordinatorshes spectacular', 'mare', 'mare coordinatorshes', 'mare coordinatorshes spectacular', 'coordinatorshes', 'coordinatorshes spectacular', 'spectacular']",1,0,0.1111111111111111
140967,"He gave me the most natural looking, beautiful breasts and it has only been 2 months now and they look real and spectacular!",0,give natural look beautiful breast look real spectacular,"['give', 'give natural', 'give natural look', 'give natural look beautiful', 'give natural look beautiful breast', 'give natural look beautiful breast look', 'give natural look beautiful breast look real', 'give natural look beautiful breast look real spectacular', 'natural', 'natural look', 'natural look beautiful', 'natural look beautiful breast', 'natural look beautiful breast look', 'natural look beautiful breast look real', 'natural look beautiful breast look real spectacular', 'look', 'look beautiful', 'look beautiful breast', 'look beautiful breast look', 'look beautiful breast look real', 'look beautiful breast look real spectacular', 'beautiful', 'beautiful breast', 'beautiful breast look', 'beautiful breast look real', 'beautiful breast look real spectacular', 'breast', 'breast look', 'breast look real', 'breast look real spectacular', 'look', 'look real', 'look real spectacular', 'real', 'real spectacular', 'spectacular']",1,0,0.05128205128205128
130620,"I went to Dr. Alexander 10 years ago and he left such an amazing impression, that he was the first",0,go alexander leave amaze impression,"['go', 'go alexander', 'go alexander leave', 'go alexander leave amaze', 'go alexander leave amaze impression', 'alexander', 'alexander leave', 'alexander leave amaze', 'alexander leave amaze impression', 'leave', 'leave amaze', 'leave amaze impression', 'amaze', 'amaze impression', 'impression']",0,1,0.1111111111111111
181092,In the end I paid 1000 because I was under the impression this would help the under eye area.,1,end pay impression help eye area,"['end', 'end pay', 'end pay impression', 'end pay impression help', 'end pay impression help eye', 'end pay impression help eye area', 'pay', 'pay impression', 'pay impression help', 'pay impression help eye', 'pay impression help eye area', 'impression', 'impression help', 'impression help eye', 'impression help eye area', 'help', 'help eye', 'help eye area', 'eye', 'eye area', 'area']",0,1,0.08333333333333333
159629,First impressions go a long way with any company and the whole customer service experience. 5 stars,0,impression long way company customer service experience star,"['impression', 'impression long', 'impression long way', 'impression long way company', 'impression long way company customer', 'impression long way company customer service', 'impression long way company customer service experience', 'impression long way company customer service experience star', 'long', 'long way', 'long way company', 'long way company customer', 'long way company customer service', 'long way company customer service experience', 'long way company customer service experience star', 'way', 'way company', 'way company customer', 'way company customer service', 'way company customer service experience', 'way company customer service experience star', 'company', 'company customer', 'company customer service', 'company customer service experience', 'company customer service experience star', 'customer', 'customer service', 'customer service experience', 'customer service experience star', 'service', 'service experience', 'service experience star', 'experience', 'experience star', 'star']",0,1,0.05128205128205128
60045,I got the impression that he couldn't help me so that was the end of the visit.,1,get impression help end visit,"['get', 'get impression', 'get impression help', 'get impression help end', 'get impression help end visit', 'impression', 'impression help', 'impression help end', 'impression help end visit', 'help', 'help end', 'help end visit', 'end', 'end visit', 'visit']",0,1,0.1111111111111111
145267,"but instead, I responded by saying ""never minder my call, thank you"" at this point this experience was not a good impression.",1,instead respond say mind thank point experience not good impression,"['instead', 'instead respond', 'instead respond say', 'instead respond say mind', 'instead respond say mind thank', 'instead respond say mind thank point', 'instead respond say mind thank point experience', 'instead respond say mind thank point experience not', 'instead respond say mind thank point experience not good', 'instead respond say mind thank point experience not good impression', 'respond', 'respond say', 'respond say mind', 'respond say mind thank', 'respond say mind thank point', 'respond say mind thank point experience', 'respond say mind thank point experience not', 'respond say mind thank point experience not good', 'respond say mind thank point experience not good impression', 'say', 'say mind', 'say mind thank', 'say mind thank point', 'say mind thank point experience', 'say mind thank point experience not', 'say mind thank point experience not good', 'say mind thank point experience not good impression', 'mind', 'mind thank', 'mind thank point', 'mind thank point experience', 'mind thank point experience not', 'mind thank point experience not good', 'mind thank point experience not good impression', 'thank', 'thank point', 'thank point experience', 'thank point experience not', 'thank point experience not good', 'thank point experience not good impression', 'point', 'point experience', 'point experience not', 'point experience not good', 'point experience not good impression', 'experience', 'experience not', 'experience not good', 'experience not good impression', 'not', 'not good', 'not good impression', 'good', 'good impression', 'impression']",0,1,0.034482758620689655
170714,"She felt a tummy tuck and some lipo on my sides was really all I needed, and my results have been spectacular.",0,feel mummy tuck lip side need result spectacular,"['feel', 'feel mummy', 'feel mummy tuck', 'feel mummy tuck lip', 'feel mummy tuck lip side', 'feel mummy tuck lip side need', 'feel mummy tuck lip side need result', 'feel mummy tuck lip side need result spectacular', 'mummy', 'mummy tuck', 'mummy tuck lip', 'mummy tuck lip side', 'mummy tuck lip side need', 'mummy tuck lip side need result', 'mummy tuck lip side need result spectacular', 'tuck', 'tuck lip', 'tuck lip side', 'tuck lip side need', 'tuck lip side need result', 'tuck lip side need result spectacular', 'lip', 'lip side', 'lip side need', 'lip side need result', 'lip side need result spectacular', 'side', 'side need', 'side need result', 'side need result spectacular', 'need', 'need result', 'need result spectacular', 'result', 'result spectacular', 'spectacular']",1,0,0.05128205128205128
92692,and are nothing short of spectacular.,0,short spectacular,"['short', 'short spectacular', 'spectacular']",1,0,0.3333333333333333
128119,I get the impression they wanted to run the same test they did on the first appointment so they can bill them twice.,1,impression want run test appointment bill twice,"['impression', 'impression want', 'impression want run', 'impression want run test', 'impression want run test appointment', 'impression want run test appointment bill', 'impression want run test appointment bill twice', 'want', 'want run', 'want run test', 'want run test appointment', 'want run test appointment bill', 'want run test appointment bill twice', 'run', 'run test', 'run test appointment', 'run test appointment bill', 'run test appointment bill twice', 'test', 'test appointment', 'test appointment bill', 'test appointment bill twice', 'appointment', 'appointment bill', 'appointment bill twice', 'bill', 'bill twice', 'twice']",0,1,0.06451612903225806
108000,I have recommended him to friends several times over the past few years and they all come away with the same impression.,0,recommend friend time come away impression,"['recommend', 'recommend friend', 'recommend friend time', 'recommend friend time come', 'recommend friend time come away', 'recommend friend time come away impression', 'friend', 'friend time', 'friend time come', 'friend time come away', 'friend time come away impression', 'time', 'time come', 'time come away', 'time come away impression', 'come', 'come away', 'come away impression', 'away', 'away impression', 'impression']",0,1,0.08333333333333333
178532,"From first impression of trouble making an appointment, to the office staff",1,impression trouble make appointment office staff,"['impression', 'impression trouble', 'impression trouble make', 'impression trouble make appointment', 'impression trouble make appointment office', 'impression trouble make appointment office staff', 'trouble', 'trouble make', 'trouble make appointment', 'trouble make appointment office', 'trouble make appointment office staff', 'make', 'make appointment', 'make appointment office', 'make appointment office staff', 'appointment', 'appointment office', 'appointment office staff', 'office', 'office staff', 'staff']",0,1,0.08333333333333333
189834,"This was my first impression of them, and literally not even a sincere apology from their impolite desk clerk, Tracy.",1,impression literally not sincere apology impolite desk clerk trace,"['impression', 'impression literally', 'impression literally not', 'impression literally not sincere', 'impression literally not sincere apology', 'impression literally not sincere apology impolite', 'impression literally not sincere apology impolite desk', 'impression literally not sincere apology impolite desk clerk', 'impression literally not sincere apology impolite desk clerk trace', 'literally', 'literally not', 'literally not sincere', 'literally not sincere apology', 'literally not sincere apology impolite', 'literally not sincere apology impolite desk', 'literally not sincere apology impolite desk clerk', 'literally not sincere apology impolite desk clerk trace', 'not', 'not sincere', 'not sincere apology', 'not sincere apology impolite', 'not sincere apology impolite desk', 'not sincere apology impolite desk clerk', 'not sincere apology impolite desk clerk trace', 'sincere', 'sincere apology', 'sincere apology impolite', 'sincere apology impolite desk', 'sincere apology impolite desk clerk', 'sincere apology impolite desk clerk trace', 'apology', 'apology impolite', 'apology impolite desk', 'apology impolite desk clerk', 'apology impolite desk clerk trace', 'impolite', 'impolite desk', 'impolite desk clerk', 'impolite desk clerk trace', 'desk', 'desk clerk', 'desk clerk trace', 'clerk', 'clerk trace', 'trace']",0,1,0.041666666666666664
140968,Therefore wonderful first impression with office especially since I was a new patient..,0,fantastic impression office especially new patient,"['fantastic', 'fantastic impression', 'fantastic impression office', 'fantastic impression office especially', 'fantastic impression office especially new', 'fantastic impression office especially new patient', 'impression', 'impression office', 'impression office especially', 'impression office especially new', 'impression office especially new patient', 'office', 'office especially', 'office especially new', 'office especially new patient', 'especially', 'especially new', 'especially new patient', 'new', 'new patient', 'patient']",0,1,0.08333333333333333
88809,The first impression was already bad.,1,impression bad,"['impression', 'impression bad', 'bad']",0,1,0.3333333333333333
121134,Awful first impression.,1,awful impression,"['awful', 'awful impression', 'impression']",0,1,0.3333333333333333
69335,I was impressed immediately upon my first visit and I have become even more convinced that my first impression was correct.,0,impress immediately visit convinced impression correct,"['impress', 'impress immediately', 'impress immediately visit', 'impress immediately visit convinced', 'impress immediately visit convinced impression', 'impress immediately visit convinced impression correct', 'immediately', 'immediately visit', 'immediately visit convinced', 'immediately visit convinced impression', 'immediately visit convinced impression correct', 'visit', 'visit convinced', 'visit convinced impression', 'visit convinced impression correct', 'convinced', 'convinced impression', 'convinced impression correct', 'impression', 'impression correct', 'correct']",0,1,0.08333333333333333
163323,"This is my personal and first impression and opinion with Dr.Soloman, Please read entirely to understand my concern and frustration.",1,personal impression opinion drsoloman read entirely understand concern frustration,"['personal', 'personal impression', 'personal impression opinion', 'personal impression opinion drsoloman', 'personal impression opinion drsoloman read', 'personal impression opinion drsoloman read entirely', 'personal impression opinion drsoloman read entirely understand', 'personal impression opinion drsoloman read entirely understand concern', 'personal impression opinion drsoloman read entirely understand concern frustration', 'impression', 'impression opinion', 'impression opinion drsoloman', 'impression opinion drsoloman read', 'impression opinion drsoloman read entirely', 'impression opinion drsoloman read entirely understand', 'impression opinion drsoloman read entirely understand concern', 'impression opinion drsoloman read entirely understand concern frustration', 'opinion', 'opinion drsoloman', 'opinion drsoloman read', 'opinion drsoloman read entirely', 'opinion drsoloman read entirely understand', 'opinion drsoloman read entirely understand concern', 'opinion drsoloman read entirely understand concern frustration', 'drsoloman', 'drsoloman read', 'drsoloman read entirely', 'drsoloman read entirely understand', 'drsoloman read entirely understand concern', 'drsoloman read entirely understand concern frustration', 'read', 'read entirely', 'read entirely understand', 'read entirely understand concern', 'read entirely understand concern frustration', 'entirely', 'entirely understand', 'entirely understand concern', 'entirely understand concern frustration', 'understand', 'understand concern', 'understand concern frustration', 'concern', 'concern frustration', 'frustration']",0,1,0.041666666666666664
167468,"to be told I'd have to start all over again with impressions, X-rays etc.",1,tell start impression ray etc,"['tell', 'tell start', 'tell start impression', 'tell start impression ray', 'tell start impression ray etc', 'start', 'start impression', 'start impression ray', 'start impression ray etc', 'impression', 'impression ray', 'impression ray etc', 'ray', 'ray etc', 'etc']",0,1,0.1111111111111111
131300,"I met his staff first, leaving me with an extremely favorable impression.",0,meet staff leave extremely favorable impression,"['meet', 'meet staff', 'meet staff leave', 'meet staff leave extremely', 'meet staff leave extremely favorable', 'meet staff leave extremely favorable impression', 'staff', 'staff leave', 'staff leave extremely', 'staff leave extremely favorable', 'staff leave extremely favorable impression', 'leave', 'leave extremely', 'leave extremely favorable', 'leave extremely favorable impression', 'extremely', 'extremely favorable', 'extremely favorable impression', 'favorable', 'favorable impression', 'impression']",0,1,0.08333333333333333
111455,"First impressions are extremely important, and Terrie was the main reason I made an appointment.",0,impression extremely important terrible main reason appointment,"['impression', 'impression extremely', 'impression extremely important', 'impression extremely important terrible', 'impression extremely important terrible main', 'impression extremely important terrible main reason', 'impression extremely important terrible main reason appointment', 'extremely', 'extremely important', 'extremely important terrible', 'extremely important terrible main', 'extremely important terrible main reason', 'extremely important terrible main reason appointment', 'important', 'important terrible', 'important terrible main', 'important terrible main reason', 'important terrible main reason appointment', 'terrible', 'terrible main', 'terrible main reason', 'terrible main reason appointment', 'main', 'main reason', 'main reason appointment', 'reason', 'reason appointment', 'appointment']",0,1,0.06451612903225806
150761,Not a very good first impression had to unwrap the gauze off my daughters a hand,1,not good impression wrap gauze daughter hand,"['not', 'not good', 'not good impression', 'not good impression wrap', 'not good impression wrap gauze', 'not good impression wrap gauze daughter', 'not good impression wrap gauze daughter hand', 'good', 'good impression', 'good impression wrap', 'good impression wrap gauze', 'good impression wrap gauze daughter', 'good impression wrap gauze daughter hand', 'impression', 'impression wrap', 'impression wrap gauze', 'impression wrap gauze daughter', 'impression wrap gauze daughter hand', 'wrap', 'wrap gauze', 'wrap gauze daughter', 'wrap gauze daughter hand', 'gauze', 'gauze daughter', 'gauze daughter hand', 'daughter', 'daughter hand', 'hand']",0,1,0.06451612903225806
92458,We get the impression he really does care.His administrative office staff however are downright awful!,1,impression cavity administrative office staff downright awful,"['impression', 'impression cavity', 'impression cavity administrative', 'impression cavity administrative office', 'impression cavity administrative office staff', 'impression cavity administrative office staff downright', 'impression cavity administrative office staff downright awful', 'cavity', 'cavity administrative', 'cavity administrative office', 'cavity administrative office staff', 'cavity administrative office staff downright', 'cavity administrative office staff downright awful', 'administrative', 'administrative office', 'administrative office staff', 'administrative office staff downright', 'administrative office staff downright awful', 'office', 'office staff', 'office staff downright', 'office staff downright awful', 'staff', 'staff downright', 'staff downright awful', 'downright', 'downright awful', 'awful']",0,1,0.06451612903225806
101549,"My initial impression of her confirmed her clear knowledge, understanding of what she and doctor Mullen would be working on,",0,initial impression confirm clear cognition understanding sullen work,"['initial', 'initial impression', 'initial impression confirm', 'initial impression confirm clear', 'initial impression confirm clear cognition', 'initial impression confirm clear cognition understanding', 'initial impression confirm clear cognition understanding sullen', 'initial impression confirm clear cognition understanding sullen work', 'impression', 'impression confirm', 'impression confirm clear', 'impression confirm clear cognition', 'impression confirm clear cognition understanding', 'impression confirm clear cognition understanding sullen', 'impression confirm clear cognition understanding sullen work', 'confirm', 'confirm clear', 'confirm clear cognition', 'confirm clear cognition understanding', 'confirm clear cognition understanding sullen', 'confirm clear cognition understanding sullen work', 'clear', 'clear cognition', 'clear cognition understanding', 'clear cognition understanding sullen', 'clear cognition understanding sullen work', 'cognition', 'cognition understanding', 'cognition understanding sullen', 'cognition understanding sullen work', 'understanding', 'understanding sullen', 'understanding sullen work', 'sullen', 'sullen work', 'work']",0,1,0.05128205128205128
148083,First impression was great!,0,impression great,"['impression', 'impression great', 'great']",0,1,0.3333333333333333
105177,He is extremely good at what he does is my impression after the past few months.,0,extremely good impression,"['extremely', 'extremely good', 'extremely good impression', 'good', 'good impression', 'impression']",0,1,0.2222222222222222
98470,First impressions and every visit thereafter have been excellent.,0,impression visit excellent,"['impression', 'impression visit', 'impression visit excellent', 'visit', 'visit excellent', 'excellent']",0,1,0.2222222222222222
144494,"and when I showed up in person, I was given the impression that they really didn?t care either way if my needs were met.",1,show person give impression care way need meet,"['show', 'show person', 'show person give', 'show person give impression', 'show person give impression care', 'show person give impression care way', 'show person give impression care way need', 'show person give impression care way need meet', 'person', 'person give', 'person give impression', 'person give impression care', 'person give impression care way', 'person give impression care way need', 'person give impression care way need meet', 'give', 'give impression', 'give impression care', 'give impression care way', 'give impression care way need', 'give impression care way need meet', 'impression', 'impression care', 'impression care way', 'impression care way need', 'impression care way need meet', 'care', 'care way', 'care way need', 'care way need meet', 'way', 'way need', 'way need meet', 'need', 'need meet', 'meet']",0,1,0.05128205128205128
179491,not get the impression that Dr. Bridewell cared about me living my best life.,1,not impression bridewell care living good life,"['not', 'not impression', 'not impression bridewell', 'not impression bridewell care', 'not impression bridewell care living', 'not impression bridewell care living good', 'not impression bridewell care living good life', 'impression', 'impression bridewell', 'impression bridewell care', 'impression bridewell care living', 'impression bridewell care living good', 'impression bridewell care living good life', 'bridewell', 'bridewell care', 'bridewell care living', 'bridewell care living good', 'bridewell care living good life', 'care', 'care living', 'care living good', 'care living good life', 'living', 'living good', 'living good life', 'good', 'good life', 'life']",0,1,0.06451612903225806
150566,and her lack of professionalism left my impression of Northstar Anesthesia to be less than desired.,1,lack professionalism leave impression desire,"['lack', 'lack professionalism', 'lack professionalism leave', 'lack professionalism leave impression', 'lack professionalism leave impression desire', 'professionalism', 'professionalism leave', 'professionalism leave impression', 'professionalism leave impression desire', 'leave', 'leave impression', 'leave impression desire', 'impression', 'impression desire', 'desire']",0,1,0.1111111111111111
82316,extremely disappointed with first direct impression of Dr. Walden's business,1,extremely disappoint direct impression garden business,"['extremely', 'extremely disappoint', 'extremely disappoint direct', 'extremely disappoint direct impression', 'extremely disappoint direct impression garden', 'extremely disappoint direct impression garden business', 'disappoint', 'disappoint direct', 'disappoint direct impression', 'disappoint direct impression garden', 'disappoint direct impression garden business', 'direct', 'direct impression', 'direct impression garden', 'direct impression garden business', 'impression', 'impression garden', 'impression garden business', 'garden', 'garden business', 'business']",0,1,0.08333333333333333
130531,My results after surgery were spectacular and was has promised.,0,result surgery spectacular promise,"['result', 'result surgery', 'result surgery spectacular', 'result surgery spectacular promise', 'surgery', 'surgery spectacular', 'surgery spectacular promise', 'spectacular', 'spectacular promise', 'promise']",1,0,0.15384615384615385
147457,Not so hot for a first visit and impression.,1,not hot visit impression,"['not', 'not hot', 'not hot visit', 'not hot visit impression', 'hot', 'hot visit', 'hot visit impression', 'visit', 'visit impression', 'impression']",0,1,0.15384615384615385
93692,"They rarely asked me if I had any questions, giving me the impression that they were too busy for me.",1,rarely ask question give impression busy,"['rarely', 'rarely ask', 'rarely ask question', 'rarely ask question give', 'rarely ask question give impression', 'rarely ask question give impression busy', 'ask', 'ask question', 'ask question give', 'ask question give impression', 'ask question give impression busy', 'question', 'question give', 'question give impression', 'question give impression busy', 'give', 'give impression', 'give impression busy', 'impression', 'impression busy', 'busy']",0,1,0.08333333333333333
146274,Some people put negative comments but the truth is this place is spectacular!!!,0,people negative comment truth place spectacular,"['people', 'people negative', 'people negative comment', 'people negative comment truth', 'people negative comment truth place', 'people negative comment truth place spectacular', 'negative', 'negative comment', 'negative comment truth', 'negative comment truth place', 'negative comment truth place spectacular', 'comment', 'comment truth', 'comment truth place', 'comment truth place spectacular', 'truth', 'truth place', 'truth place spectacular', 'place', 'place spectacular', 'spectacular']",1,0,0.08333333333333333
158504,to speak with the doctor and I was under the impression I was going to speak with the doctor anyways.,1,speak impression go speak,"['speak', 'speak impression', 'speak impression go', 'speak impression go speak', 'impression', 'impression go', 'impression go speak', 'go', 'go speak', 'speak']",0,1,0.15384615384615385
170415,and as usual she was another spectacular student of Osteopathic Medicine.,0,usual spectacular student osteopathic medicine,"['usual', 'usual spectacular', 'usual spectacular student', 'usual spectacular student osteopathic', 'usual spectacular student osteopathic medicine', 'spectacular', 'spectacular student', 'spectacular student osteopathic', 'spectacular student osteopathic medicine', 'student', 'student osteopathic', 'student osteopathic medicine', 'osteopathic', 'osteopathic medicine', 'medicine']",1,0,0.1111111111111111
165489,"Under the impression that the degree of swelling I had was simply part of the healing process, I had no idea I was seriously infected.",1,impression degree swell simply heal process no idea seriously infect,"['impression', 'impression degree', 'impression degree swell', 'impression degree swell simply', 'impression degree swell simply heal', 'impression degree swell simply heal process', 'impression degree swell simply heal process no', 'impression degree swell simply heal process no idea', 'impression degree swell simply heal process no idea seriously', 'impression degree swell simply heal process no idea seriously infect', 'degree', 'degree swell', 'degree swell simply', 'degree swell simply heal', 'degree swell simply heal process', 'degree swell simply heal process no', 'degree swell simply heal process no idea', 'degree swell simply heal process no idea seriously', 'degree swell simply heal process no idea seriously infect', 'swell', 'swell simply', 'swell simply heal', 'swell simply heal process', 'swell simply heal process no', 'swell simply heal process no idea', 'swell simply heal process no idea seriously', 'swell simply heal process no idea seriously infect', 'simply', 'simply heal', 'simply heal process', 'simply heal process no', 'simply heal process no idea', 'simply heal process no idea seriously', 'simply heal process no idea seriously infect', 'heal', 'heal process', 'heal process no', 'heal process no idea', 'heal process no idea seriously', 'heal process no idea seriously infect', 'process', 'process no', 'process no idea', 'process no idea seriously', 'process no idea seriously infect', 'no', 'no idea', 'no idea seriously', 'no idea seriously infect', 'idea', 'idea seriously', 'idea seriously infect', 'seriously', 'seriously infect', 'infect']",0,1,0.034482758620689655
170720,"I'm almost 4 weeks out from my tummy tuck and lipo, and I have had spectacular results.",0,mummy tuck lip spectacular result,"['mummy', 'mummy tuck', 'mummy tuck lip', 'mummy tuck lip spectacular', 'mummy tuck lip spectacular result', 'tuck', 'tuck lip', 'tuck lip spectacular', 'tuck lip spectacular result', 'lip', 'lip spectacular', 'lip spectacular result', 'spectacular', 'spectacular result', 'result']",1,0,0.1111111111111111
102154,These doctors are from the old school where the oath to help patients really mean something is my impression.,0,doctor old school oath help patient mean impression,"['doctor', 'doctor old', 'doctor old school', 'doctor old school oath', 'doctor old school oath help', 'doctor old school oath help patient', 'doctor old school oath help patient mean', 'doctor old school oath help patient mean impression', 'old', 'old school', 'old school oath', 'old school oath help', 'old school oath help patient', 'old school oath help patient mean', 'old school oath help patient mean impression', 'school', 'school oath', 'school oath help', 'school oath help patient', 'school oath help patient mean', 'school oath help patient mean impression', 'oath', 'oath help', 'oath help patient', 'oath help patient mean', 'oath help patient mean impression', 'help', 'help patient', 'help patient mean', 'help patient mean impression', 'patient', 'patient mean', 'patient mean impression', 'mean', 'mean impression', 'impression']",0,1,0.05128205128205128
118605,and I never once got the impression that I was just a number to him.,0,get impression number,"['get', 'get impression', 'get impression number', 'impression', 'impression number', 'number']",0,1,0.2222222222222222
156677,Terrible first impression.,1,terrible impression,"['terrible', 'terrible impression', 'impression']",0,1,0.3333333333333333
116396,The care is truly a bargain considering the quality of care I received and I thought his prices were spectacular.,0,care truly bargain consider quality care receive think price spectacular,"['care', 'care truly', 'care truly bargain', 'care truly bargain consider', 'care truly bargain consider quality', 'care truly bargain consider quality care', 'care truly bargain consider quality care receive', 'care truly bargain consider quality care receive think', 'care truly bargain consider quality care receive think price', 'care truly bargain consider quality care receive think price spectacular', 'truly', 'truly bargain', 'truly bargain consider', 'truly bargain consider quality', 'truly bargain consider quality care', 'truly bargain consider quality care receive', 'truly bargain consider quality care receive think', 'truly bargain consider quality care receive think price', 'truly bargain consider quality care receive think price spectacular', 'bargain', 'bargain consider', 'bargain consider quality', 'bargain consider quality care', 'bargain consider quality care receive', 'bargain consider quality care receive think', 'bargain consider quality care receive think price', 'bargain consider quality care receive think price spectacular', 'consider', 'consider quality', 'consider quality care', 'consider quality care receive', 'consider quality care receive think', 'consider quality care receive think price', 'consider quality care receive think price spectacular', 'quality', 'quality care', 'quality care receive', 'quality care receive think', 'quality care receive think price', 'quality care receive think price spectacular', 'care', 'care receive', 'care receive think', 'care receive think price', 'care receive think price spectacular', 'receive', 'receive think', 'receive think price', 'receive think price spectacular', 'think', 'think price', 'think price spectacular', 'price', 'price spectacular', 'spectacular']",1,0,0.034482758620689655
133661,"My first impression, Dr Esses is a judgmental individual with no compassion.",1,impression essex judgment individual no compassion,"['impression', 'impression essex', 'impression essex judgment', 'impression essex judgment individual', 'impression essex judgment individual no', 'impression essex judgment individual no compassion', 'essex', 'essex judgment', 'essex judgment individual', 'essex judgment individual no', 'essex judgment individual no compassion', 'judgment', 'judgment individual', 'judgment individual no', 'judgment individual no compassion', 'individual', 'individual no', 'individual no compassion', 'no', 'no compassion', 'compassion']",0,1,0.08333333333333333
182050,I'm under the impression now that Dr. Ching thinks it's medically acceptable to never follow up himself with a patient after surgery.,1,impression think medially acceptable follow patient surgery,"['impression', 'impression think', 'impression think medially', 'impression think medially acceptable', 'impression think medially acceptable follow', 'impression think medially acceptable follow patient', 'impression think medially acceptable follow patient surgery', 'think', 'think medially', 'think medially acceptable', 'think medially acceptable follow', 'think medially acceptable follow patient', 'think medially acceptable follow patient surgery', 'medially', 'medially acceptable', 'medially acceptable follow', 'medially acceptable follow patient', 'medially acceptable follow patient surgery', 'acceptable', 'acceptable follow', 'acceptable follow patient', 'acceptable follow patient surgery', 'follow', 'follow patient', 'follow patient surgery', 'patient', 'patient surgery', 'surgery']",0,1,0.06451612903225806
180187,Christine once again gave me such a spectacular service.,0,christine give spectacular service,"['christine', 'christine give', 'christine give spectacular', 'christine give spectacular service', 'give', 'give spectacular', 'give spectacular service', 'spectacular', 'spectacular service', 'service']",1,0,0.15384615384615385
111186,I only met Karen and Cherry and both ladies made a great impression on me.,0,meet aren cherry lady great impression,"['meet', 'meet aren', 'meet aren cherry', 'meet aren cherry lady', 'meet aren cherry lady great', 'meet aren cherry lady great impression', 'aren', 'aren cherry', 'aren cherry lady', 'aren cherry lady great', 'aren cherry lady great impression', 'cherry', 'cherry lady', 'cherry lady great', 'cherry lady great impression', 'lady', 'lady great', 'lady great impression', 'great', 'great impression', 'impression']",0,1,0.08333333333333333
186011,I used to have very good impression in your clinic but not today.,1,good impression clinic not,"['good', 'good impression', 'good impression clinic', 'good impression clinic not', 'impression', 'impression clinic', 'impression clinic not', 'clinic', 'clinic not', 'not']",0,1,0.15384615384615385
87125,"My first impression is the last impression I will have, as I would never hire a surgeon with this type of staff.",1,impression impression hire surgeon type staff,"['impression', 'impression impression', 'impression impression hire', 'impression impression hire surgeon', 'impression impression hire surgeon type', 'impression impression hire surgeon type staff', 'impression', 'impression hire', 'impression hire surgeon', 'impression hire surgeon type', 'impression hire surgeon type staff', 'hire', 'hire surgeon', 'hire surgeon type', 'hire surgeon type staff', 'surgeon', 'surgeon type', 'surgeon type staff', 'type', 'type staff', 'staff']",0,1,0.08333333333333333
139799,"but he never gave me the impression he was annoyed with me , he always answered all my questions and concerns with compassion and honesty.",0,give impression annoyed answer question concern compassion honesty,"['give', 'give impression', 'give impression annoyed', 'give impression annoyed answer', 'give impression annoyed answer question', 'give impression annoyed answer question concern', 'give impression annoyed answer question concern compassion', 'give impression annoyed answer question concern compassion honesty', 'impression', 'impression annoyed', 'impression annoyed answer', 'impression annoyed answer question', 'impression annoyed answer question concern', 'impression annoyed answer question concern compassion', 'impression annoyed answer question concern compassion honesty', 'annoyed', 'annoyed answer', 'annoyed answer question', 'annoyed answer question concern', 'annoyed answer question concern compassion', 'annoyed answer question concern compassion honesty', 'answer', 'answer question', 'answer question concern', 'answer question concern compassion', 'answer question concern compassion honesty', 'question', 'question concern', 'question concern compassion', 'question concern compassion honesty', 'concern', 'concern compassion', 'concern compassion honesty', 'compassion', 'compassion honesty', 'honesty']",0,1,0.05128205128205128
135432,"I have no problem paying the $100, or even the entire surgery but first impressions were terrible.",1,no problem pay entire surgery impression terrible,"['no', 'no problem', 'no problem pay', 'no problem pay entire', 'no problem pay entire surgery', 'no problem pay entire surgery impression', 'no problem pay entire surgery impression terrible', 'problem', 'problem pay', 'problem pay entire', 'problem pay entire surgery', 'problem pay entire surgery impression', 'problem pay entire surgery impression terrible', 'pay', 'pay entire', 'pay entire surgery', 'pay entire surgery impression', 'pay entire surgery impression terrible', 'entire', 'entire surgery', 'entire surgery impression', 'entire surgery impression terrible', 'surgery', 'surgery impression', 'surgery impression terrible', 'impression', 'impression terrible', 'terrible']",0,1,0.06451612903225806
95390,My first impression of this place was not good.,1,impression place not good,"['impression', 'impression place', 'impression place not', 'impression place not good', 'place', 'place not', 'place not good', 'not', 'not good', 'good']",0,1,0.15384615384615385
68583,The doctor was spectacular.,0,spectacular,['spectacular'],1,0,0.5
76027,And his staff is no less spectacular!,0,staff no spectacular,"['staff', 'staff no', 'staff no spectacular', 'no', 'no spectacular', 'spectacular']",1,0,0.2222222222222222
118269,My rhinoplasty surgery experience with Dr. Marotta was nothing short of spectacular.,0,nose job surgery experience marietta short spectacular,"['nose', 'nose job', 'nose job surgery', 'nose job surgery experience', 'nose job surgery experience marietta', 'nose job surgery experience marietta short', 'nose job surgery experience marietta short spectacular', 'job', 'job surgery', 'job surgery experience', 'job surgery experience marietta', 'job surgery experience marietta short', 'job surgery experience marietta short spectacular', 'surgery', 'surgery experience', 'surgery experience marietta', 'surgery experience marietta short', 'surgery experience marietta short spectacular', 'experience', 'experience marietta', 'experience marietta short', 'experience marietta short spectacular', 'marietta', 'marietta short', 'marietta short spectacular', 'short', 'short spectacular', 'spectacular']",1,0,0.06451612903225806
157130,"and has left me with a personal impression, rather than a cold and sterile experience.",0,leave personal impression cold sterile experience,"['leave', 'leave personal', 'leave personal impression', 'leave personal impression cold', 'leave personal impression cold sterile', 'leave personal impression cold sterile experience', 'personal', 'personal impression', 'personal impression cold', 'personal impression cold sterile', 'personal impression cold sterile experience', 'impression', 'impression cold', 'impression cold sterile', 'impression cold sterile experience', 'cold', 'cold sterile', 'cold sterile experience', 'sterile', 'sterile experience', 'experience']",0,1,0.08333333333333333
141750,It was a good first impression! .,0,good impression,"['good', 'good impression', 'impression']",0,1,0.3333333333333333
185078,"His expertise, precision, and gentle touch left a lasting impression on me.",0,expertness preciseness gentle touch leave lasting impression,"['expertness', 'expertness preciseness', 'expertness preciseness gentle', 'expertness preciseness gentle touch', 'expertness preciseness gentle touch leave', 'expertness preciseness gentle touch leave lasting', 'expertness preciseness gentle touch leave lasting impression', 'preciseness', 'preciseness gentle', 'preciseness gentle touch', 'preciseness gentle touch leave', 'preciseness gentle touch leave lasting', 'preciseness gentle touch leave lasting impression', 'gentle', 'gentle touch', 'gentle touch leave', 'gentle touch leave lasting', 'gentle touch leave lasting impression', 'touch', 'touch leave', 'touch leave lasting', 'touch leave lasting impression', 'leave', 'leave lasting', 'leave lasting impression', 'lasting', 'lasting impression', 'impression']",0,1,0.06451612903225806
186436,Me lleve una buena impresion despues que no queria el procedimiento.,0,love united nations buena impression dispute que no question,"['love', 'love united', 'love united nations', 'love united nations buena', 'love united nations buena impression', 'love united nations buena impression dispute', 'love united nations buena impression dispute que', 'love united nations buena impression dispute que no', 'love united nations buena impression dispute que no question', 'united', 'united nations', 'united nations buena', 'united nations buena impression', 'united nations buena impression dispute', 'united nations buena impression dispute que', 'united nations buena impression dispute que no', 'united nations buena impression dispute que no question', 'nations', 'nations buena', 'nations buena impression', 'nations buena impression dispute', 'nations buena impression dispute que', 'nations buena impression dispute que no', 'nations buena impression dispute que no question', 'buena', 'buena impression', 'buena impression dispute', 'buena impression dispute que', 'buena impression dispute que no', 'buena impression dispute que no question', 'impression', 'impression dispute', 'impression dispute que', 'impression dispute que no', 'impression dispute que no question', 'dispute', 'dispute que', 'dispute que no', 'dispute que no question', 'que', 'que no', 'que no question', 'no', 'no question', 'question']",0,1,0.041666666666666664
118242,My rhinoplasty surgery experience with Dr. Marotta was nothing short of spectacular.,0,nose job surgery experience marietta short spectacular,"['nose', 'nose job', 'nose job surgery', 'nose job surgery experience', 'nose job surgery experience marietta', 'nose job surgery experience marietta short', 'nose job surgery experience marietta short spectacular', 'job', 'job surgery', 'job surgery experience', 'job surgery experience marietta', 'job surgery experience marietta short', 'job surgery experience marietta short spectacular', 'surgery', 'surgery experience', 'surgery experience marietta', 'surgery experience marietta short', 'surgery experience marietta short spectacular', 'experience', 'experience marietta', 'experience marietta short', 'experience marietta short spectacular', 'marietta', 'marietta short', 'marietta short spectacular', 'short', 'short spectacular', 'spectacular']",1,0,0.06451612903225806
81498,My first impression was that it was a spotless facility with a really attentive staff.,0,impression immaculate facility attentive staff,"['impression', 'impression immaculate', 'impression immaculate facility', 'impression immaculate facility attentive', 'impression immaculate facility attentive staff', 'immaculate', 'immaculate facility', 'immaculate facility attentive', 'immaculate facility attentive staff', 'facility', 'facility attentive', 'facility attentive staff', 'attentive', 'attentive staff', 'staff']",0,1,0.1111111111111111
161729,"Poor /uninformed correspondence through website communications, Dr need to find a more competent and attentive desk staff to give a better first impression",1,poor uniform correspondence webster communication need find competent attentive desk staff good impression,"['poor', 'poor uniform', 'poor uniform correspondence', 'poor uniform correspondence webster', 'poor uniform correspondence webster communication', 'poor uniform correspondence webster communication need', 'poor uniform correspondence webster communication need find', 'poor uniform correspondence webster communication need find competent', 'poor uniform correspondence webster communication need find competent attentive', 'poor uniform correspondence webster communication need find competent attentive desk', 'poor uniform correspondence webster communication need find competent attentive desk staff', 'poor uniform correspondence webster communication need find competent attentive desk staff good', 'poor uniform correspondence webster communication need find competent attentive desk staff good impression', 'uniform', 'uniform correspondence', 'uniform correspondence webster', 'uniform correspondence webster communication', 'uniform correspondence webster communication need', 'uniform correspondence webster communication need find', 'uniform correspondence webster communication need find competent', 'uniform correspondence webster communication need find competent attentive', 'uniform correspondence webster communication need find competent attentive desk', 'uniform correspondence webster communication need find competent attentive desk staff', 'uniform correspondence webster communication need find competent attentive desk staff good', 'uniform correspondence webster communication need find competent attentive desk staff good impression', 'correspondence', 'correspondence webster', 'correspondence webster communication', 'correspondence webster communication need', 'correspondence webster communication need find', 'correspondence webster communication need find competent', 'correspondence webster communication need find competent attentive', 'correspondence webster communication need find competent attentive desk', 'correspondence webster communication need find competent attentive desk staff', 'correspondence webster communication need find competent attentive desk staff good', 'correspondence webster communication need find competent attentive desk staff good impression', 'webster', 'webster communication', 'webster communication need', 'webster communication need find', 'webster communication need find competent', 'webster communication need find competent attentive', 'webster communication need find competent attentive desk', 'webster communication need find competent attentive desk staff', 'webster communication need find competent attentive desk staff good', 'webster communication need find competent attentive desk staff good impression', 'communication', 'communication need', 'communication need find', 'communication need find competent', 'communication need find competent attentive', 'communication need find competent attentive desk', 'communication need find competent attentive desk staff', 'communication need find competent attentive desk staff good', 'communication need find competent attentive desk staff good impression', 'need', 'need find', 'need find competent', 'need find competent attentive', 'need find competent attentive desk', 'need find competent attentive desk staff', 'need find competent attentive desk staff good', 'need find competent attentive desk staff good impression', 'find', 'find competent', 'find competent attentive', 'find competent attentive desk', 'find competent attentive desk staff', 'find competent attentive desk staff good', 'find competent attentive desk staff good impression', 'competent', 'competent attentive', 'competent attentive desk', 'competent attentive desk staff', 'competent attentive desk staff good', 'competent attentive desk staff good impression', 'attentive', 'attentive desk', 'attentive desk staff', 'attentive desk staff good', 'attentive desk staff good impression', 'desk', 'desk staff', 'desk staff good', 'desk staff good impression', 'staff', 'staff good', 'staff good impression', 'good', 'good impression', 'impression']",0,1,0.02127659574468085
119876,The results are spectacular: I can see better than I have at any time in my life;,0,result spectacular good time life,"['result', 'result spectacular', 'result spectacular good', 'result spectacular good time', 'result spectacular good time life', 'spectacular', 'spectacular good', 'spectacular good time', 'spectacular good time life', 'good', 'good time', 'good time life', 'time', 'time life', 'life']",1,0,0.1111111111111111
103342,Came into office for hearing loss as a new patient and his first impression was very impressing.,0,come office hearing loss new patient impression impress,"['come', 'come office', 'come office hearing', 'come office hearing loss', 'come office hearing loss new', 'come office hearing loss new patient', 'come office hearing loss new patient impression', 'come office hearing loss new patient impression impress', 'office', 'office hearing', 'office hearing loss', 'office hearing loss new', 'office hearing loss new patient', 'office hearing loss new patient impression', 'office hearing loss new patient impression impress', 'hearing', 'hearing loss', 'hearing loss new', 'hearing loss new patient', 'hearing loss new patient impression', 'hearing loss new patient impression impress', 'loss', 'loss new', 'loss new patient', 'loss new patient impression', 'loss new patient impression impress', 'new', 'new patient', 'new patient impression', 'new patient impression impress', 'patient', 'patient impression', 'patient impression impress', 'impression', 'impression impress', 'impress']",0,1,0.05128205128205128
163309,the overall impression was more knowledge and time could have been spent going over logistics,1,overall impression cognition time spend go logistics,"['overall', 'overall impression', 'overall impression cognition', 'overall impression cognition time', 'overall impression cognition time spend', 'overall impression cognition time spend go', 'overall impression cognition time spend go logistics', 'impression', 'impression cognition', 'impression cognition time', 'impression cognition time spend', 'impression cognition time spend go', 'impression cognition time spend go logistics', 'cognition', 'cognition time', 'cognition time spend', 'cognition time spend go', 'cognition time spend go logistics', 'time', 'time spend', 'time spend go', 'time spend go logistics', 'spend', 'spend go', 'spend go logistics', 'go', 'go logistics', 'logistics']",0,1,0.06451612903225806
178954,They leave a very good first impression.,0,leave good impression,"['leave', 'leave good', 'leave good impression', 'good', 'good impression', 'impression']",0,1,0.2222222222222222
128768,The effects are spectacular.,0,effect spectacular,"['effect', 'effect spectacular', 'spectacular']",1,0,0.3333333333333333
103395,Staff is good inside with the patient but the young girl at the front desk gives a bad impression.,0,staff good inside patient young girl desk give bad impression,"['staff', 'staff good', 'staff good inside', 'staff good inside patient', 'staff good inside patient young', 'staff good inside patient young girl', 'staff good inside patient young girl desk', 'staff good inside patient young girl desk give', 'staff good inside patient young girl desk give bad', 'staff good inside patient young girl desk give bad impression', 'good', 'good inside', 'good inside patient', 'good inside patient young', 'good inside patient young girl', 'good inside patient young girl desk', 'good inside patient young girl desk give', 'good inside patient young girl desk give bad', 'good inside patient young girl desk give bad impression', 'inside', 'inside patient', 'inside patient young', 'inside patient young girl', 'inside patient young girl desk', 'inside patient young girl desk give', 'inside patient young girl desk give bad', 'inside patient young girl desk give bad impression', 'patient', 'patient young', 'patient young girl', 'patient young girl desk', 'patient young girl desk give', 'patient young girl desk give bad', 'patient young girl desk give bad impression', 'young', 'young girl', 'young girl desk', 'young girl desk give', 'young girl desk give bad', 'young girl desk give bad impression', 'girl', 'girl desk', 'girl desk give', 'girl desk give bad', 'girl desk give bad impression', 'desk', 'desk give', 'desk give bad', 'desk give bad impression', 'give', 'give bad', 'give bad impression', 'bad', 'bad impression', 'impression']",0,1,0.034482758620689655
69002,Because of the great and professional way she interacted me from our first phones calls I immediately got a great impression of this office.,0,great professional way interest phone call immediately get great impression office,"['great', 'great professional', 'great professional way', 'great professional way interest', 'great professional way interest phone', 'great professional way interest phone call', 'great professional way interest phone call immediately', 'great professional way interest phone call immediately get', 'great professional way interest phone call immediately get great', 'great professional way interest phone call immediately get great impression', 'great professional way interest phone call immediately get great impression office', 'professional', 'professional way', 'professional way interest', 'professional way interest phone', 'professional way interest phone call', 'professional way interest phone call immediately', 'professional way interest phone call immediately get', 'professional way interest phone call immediately get great', 'professional way interest phone call immediately get great impression', 'professional way interest phone call immediately get great impression office', 'way', 'way interest', 'way interest phone', 'way interest phone call', 'way interest phone call immediately', 'way interest phone call immediately get', 'way interest phone call immediately get great', 'way interest phone call immediately get great impression', 'way interest phone call immediately get great impression office', 'interest', 'interest phone', 'interest phone call', 'interest phone call immediately', 'interest phone call immediately get', 'interest phone call immediately get great', 'interest phone call immediately get great impression', 'interest phone call immediately get great impression office', 'phone', 'phone call', 'phone call immediately', 'phone call immediately get', 'phone call immediately get great', 'phone call immediately get great impression', 'phone call immediately get great impression office', 'call', 'call immediately', 'call immediately get', 'call immediately get great', 'call immediately get great impression', 'call immediately get great impression office', 'immediately', 'immediately get', 'immediately get great', 'immediately get great impression', 'immediately get great impression office', 'get', 'get great', 'get great impression', 'get great impression office', 'great', 'great impression', 'great impression office', 'impression', 'impression office', 'office']",0,1,0.028985507246376812
124679,"My first impression with him was, ""this is the doctor I want to be with"".",0,impression want,"['impression', 'impression want', 'want']",0,1,0.3333333333333333
181694,The dental assistant didn't provide the best first impression.,1,dental assistant provide good impression,"['dental', 'dental assistant', 'dental assistant provide', 'dental assistant provide good', 'dental assistant provide good impression', 'assistant', 'assistant provide', 'assistant provide good', 'assistant provide good impression', 'provide', 'provide good', 'provide good impression', 'good', 'good impression', 'impression']",0,1,0.1111111111111111
147259,I came here for a breast augmentation and my first impression is that the receptionist was definitely polite and caring and went above,0,come breast pigmentation impression reception decidedly polite dare go,"['come', 'come breast', 'come breast pigmentation', 'come breast pigmentation impression', 'come breast pigmentation impression reception', 'come breast pigmentation impression reception decidedly', 'come breast pigmentation impression reception decidedly polite', 'come breast pigmentation impression reception decidedly polite dare', 'come breast pigmentation impression reception decidedly polite dare go', 'breast', 'breast pigmentation', 'breast pigmentation impression', 'breast pigmentation impression reception', 'breast pigmentation impression reception decidedly', 'breast pigmentation impression reception decidedly polite', 'breast pigmentation impression reception decidedly polite dare', 'breast pigmentation impression reception decidedly polite dare go', 'pigmentation', 'pigmentation impression', 'pigmentation impression reception', 'pigmentation impression reception decidedly', 'pigmentation impression reception decidedly polite', 'pigmentation impression reception decidedly polite dare', 'pigmentation impression reception decidedly polite dare go', 'impression', 'impression reception', 'impression reception decidedly', 'impression reception decidedly polite', 'impression reception decidedly polite dare', 'impression reception decidedly polite dare go', 'reception', 'reception decidedly', 'reception decidedly polite', 'reception decidedly polite dare', 'reception decidedly polite dare go', 'decidedly', 'decidedly polite', 'decidedly polite dare', 'decidedly polite dare go', 'polite', 'polite dare', 'polite dare go', 'dare', 'dare go', 'go']",0,1,0.041666666666666664
93844,They give me the impression that I am wasting their time by asking,1,impression waste time ask,"['impression', 'impression waste', 'impression waste time', 'impression waste time ask', 'waste', 'waste time', 'waste time ask', 'time', 'time ask', 'ask']",0,1,0.15384615384615385
153022,First impression is that this is the latest technology.,0,impression late technology,"['impression', 'impression late', 'impression late technology', 'late', 'late technology', 'technology']",0,1,0.2222222222222222
189517,My only impression is that they're too busy or decided my husband,1,impression busy decide husband,"['impression', 'impression busy', 'impression busy decide', 'impression busy decide husband', 'busy', 'busy decide', 'busy decide husband', 'decide', 'decide husband', 'husband']",0,1,0.15384615384615385
153717,The customer service is spectacular.,0,customer service spectacular,"['customer', 'customer service', 'customer service spectacular', 'service', 'service spectacular', 'spectacular']",1,0,0.2222222222222222
124681,"My first impression with him was, ""this is the doctor I want to be with"".",0,impression want,"['impression', 'impression want', 'want']",0,1,0.3333333333333333
92179,"Dr. Slenkovich is an honest, caring, and highly technical surgeon and performed absolutely spectacular work on me.",0,honest dare highly technical surgeon perform absolutely spectacular work,"['honest', 'honest dare', 'honest dare highly', 'honest dare highly technical', 'honest dare highly technical surgeon', 'honest dare highly technical surgeon perform', 'honest dare highly technical surgeon perform absolutely', 'honest dare highly technical surgeon perform absolutely spectacular', 'honest dare highly technical surgeon perform absolutely spectacular work', 'dare', 'dare highly', 'dare highly technical', 'dare highly technical surgeon', 'dare highly technical surgeon perform', 'dare highly technical surgeon perform absolutely', 'dare highly technical surgeon perform absolutely spectacular', 'dare highly technical surgeon perform absolutely spectacular work', 'highly', 'highly technical', 'highly technical surgeon', 'highly technical surgeon perform', 'highly technical surgeon perform absolutely', 'highly technical surgeon perform absolutely spectacular', 'highly technical surgeon perform absolutely spectacular work', 'technical', 'technical surgeon', 'technical surgeon perform', 'technical surgeon perform absolutely', 'technical surgeon perform absolutely spectacular', 'technical surgeon perform absolutely spectacular work', 'surgeon', 'surgeon perform', 'surgeon perform absolutely', 'surgeon perform absolutely spectacular', 'surgeon perform absolutely spectacular work', 'perform', 'perform absolutely', 'perform absolutely spectacular', 'perform absolutely spectacular work', 'absolutely', 'absolutely spectacular', 'absolutely spectacular work', 'spectacular', 'spectacular work', 'work']",1,0,0.041666666666666664
173655,but based on first impressions I have zero concerns.,0,base impression concern,"['base', 'base impression', 'base impression concern', 'impression', 'impression concern', 'concern']",0,1,0.2222222222222222
122530,I had my eye troughs done and he did a spectacular job,0,eye trough spectacular job,"['eye', 'eye trough', 'eye trough spectacular', 'eye trough spectacular job', 'trough', 'trough spectacular', 'trough spectacular job', 'spectacular', 'spectacular job', 'job']",1,0,0.15384615384615385
190285,"My nurse Yudelkys has been spectacular, not only knowledgeable, friendly, and attentive",0,nurse yudelkys spectacular not knowledgeable friendly attentive,"['nurse', 'nurse yudelkys', 'nurse yudelkys spectacular', 'nurse yudelkys spectacular not', 'nurse yudelkys spectacular not knowledgeable', 'nurse yudelkys spectacular not knowledgeable friendly', 'nurse yudelkys spectacular not knowledgeable friendly attentive', 'yudelkys', 'yudelkys spectacular', 'yudelkys spectacular not', 'yudelkys spectacular not knowledgeable', 'yudelkys spectacular not knowledgeable friendly', 'yudelkys spectacular not knowledgeable friendly attentive', 'spectacular', 'spectacular not', 'spectacular not knowledgeable', 'spectacular not knowledgeable friendly', 'spectacular not knowledgeable friendly attentive', 'not', 'not knowledgeable', 'not knowledgeable friendly', 'not knowledgeable friendly attentive', 'knowledgeable', 'knowledgeable friendly', 'knowledgeable friendly attentive', 'friendly', 'friendly attentive', 'attentive']",1,0,0.06451612903225806
170223,"una cita para el día martes y no llamaron para confirmar, en fin, la primera impresión es la que vale.",1,mate y no llamaron para confirm en lanthanum primary impression e lanthanum que valley,"['mate', 'mate y', 'mate y no', 'mate y no llamaron', 'mate y no llamaron para', 'mate y no llamaron para confirm', 'mate y no llamaron para confirm en', 'mate y no llamaron para confirm en lanthanum', 'mate y no llamaron para confirm en lanthanum primary', 'mate y no llamaron para confirm en lanthanum primary impression', 'mate y no llamaron para confirm en lanthanum primary impression e', 'mate y no llamaron para confirm en lanthanum primary impression e lanthanum', 'mate y no llamaron para confirm en lanthanum primary impression e lanthanum que', 'mate y no llamaron para confirm en lanthanum primary impression e lanthanum que valley', 'y', 'y no', 'y no llamaron', 'y no llamaron para', 'y no llamaron para confirm', 'y no llamaron para confirm en', 'y no llamaron para confirm en lanthanum', 'y no llamaron para confirm en lanthanum primary', 'y no llamaron para confirm en lanthanum primary impression', 'y no llamaron para confirm en lanthanum primary impression e', 'y no llamaron para confirm en lanthanum primary impression e lanthanum', 'y no llamaron para confirm en lanthanum primary impression e lanthanum que', 'y no llamaron para confirm en lanthanum primary impression e lanthanum que valley', 'no', 'no llamaron', 'no llamaron para', 'no llamaron para confirm', 'no llamaron para confirm en', 'no llamaron para confirm en lanthanum', 'no llamaron para confirm en lanthanum primary', 'no llamaron para confirm en lanthanum primary impression', 'no llamaron para confirm en lanthanum primary impression e', 'no llamaron para confirm en lanthanum primary impression e lanthanum', 'no llamaron para confirm en lanthanum primary impression e lanthanum que', 'no llamaron para confirm en lanthanum primary impression e lanthanum que valley', 'llamaron', 'llamaron para', 'llamaron para confirm', 'llamaron para confirm en', 'llamaron para confirm en lanthanum', 'llamaron para confirm en lanthanum primary', 'llamaron para confirm en lanthanum primary impression', 'llamaron para confirm en lanthanum primary impression e', 'llamaron para confirm en lanthanum primary impression e lanthanum', 'llamaron para confirm en lanthanum primary impression e lanthanum que', 'llamaron para confirm en lanthanum primary impression e lanthanum que valley', 'para', 'para confirm', 'para confirm en', 'para confirm en lanthanum', 'para confirm en lanthanum primary', 'para confirm en lanthanum primary impression', 'para confirm en lanthanum primary impression e', 'para confirm en lanthanum primary impression e lanthanum', 'para confirm en lanthanum primary impression e lanthanum que', 'para confirm en lanthanum primary impression e lanthanum que valley', 'confirm', 'confirm en', 'confirm en lanthanum', 'confirm en lanthanum primary', 'confirm en lanthanum primary impression', 'confirm en lanthanum primary impression e', 'confirm en lanthanum primary impression e lanthanum', 'confirm en lanthanum primary impression e lanthanum que', 'confirm en lanthanum primary impression e lanthanum que valley', 'en', 'en lanthanum', 'en lanthanum primary', 'en lanthanum primary impression', 'en lanthanum primary impression e', 'en lanthanum primary impression e lanthanum', 'en lanthanum primary impression e lanthanum que', 'en lanthanum primary impression e lanthanum que valley', 'lanthanum', 'lanthanum primary', 'lanthanum primary impression', 'lanthanum primary impression e', 'lanthanum primary impression e lanthanum', 'lanthanum primary impression e lanthanum que', 'lanthanum primary impression e lanthanum que valley', 'primary', 'primary impression', 'primary impression e', 'primary impression e lanthanum', 'primary impression e lanthanum que', 'primary impression e lanthanum que valley', 'impression', 'impression e', 'impression e lanthanum', 'impression e lanthanum que', 'impression e lanthanum que valley', 'e', 'e lanthanum', 'e lanthanum que', 'e lanthanum que valley', 'lanthanum', 'lanthanum que', 'lanthanum que valley', 'que', 'que valley', 'valley']",0,1,0.018518518518518517
178679,Espectacular.,0,spectacular,['spectacular'],1,0,0.5
118238,My rhinoplasty surgery experience with Dr. Marotta was nothing short of spectacular.,0,nose job surgery experience marietta short spectacular,"['nose', 'nose job', 'nose job surgery', 'nose job surgery experience', 'nose job surgery experience marietta', 'nose job surgery experience marietta short', 'nose job surgery experience marietta short spectacular', 'job', 'job surgery', 'job surgery experience', 'job surgery experience marietta', 'job surgery experience marietta short', 'job surgery experience marietta short spectacular', 'surgery', 'surgery experience', 'surgery experience marietta', 'surgery experience marietta short', 'surgery experience marietta short spectacular', 'experience', 'experience marietta', 'experience marietta short', 'experience marietta short spectacular', 'marietta', 'marietta short', 'marietta short spectacular', 'short', 'short spectacular', 'spectacular']",1,0,0.06451612903225806
190991,and I can confirm he is still just as spectacular!,0,confirm spectacular,"['confirm', 'confirm spectacular', 'spectacular']",1,0,0.3333333333333333
69826,She seemed less than enthused about helping ...just not a good front entry impression.,0,entrust help not good entry impression,"['entrust', 'entrust help', 'entrust help not', 'entrust help not good', 'entrust help not good entry', 'entrust help not good entry impression', 'help', 'help not', 'help not good', 'help not good entry', 'help not good entry impression', 'not', 'not good', 'not good entry', 'not good entry impression', 'good', 'good entry', 'good entry impression', 'entry', 'entry impression', 'impression']",0,1,0.08333333333333333
184221,I'll start with Spectacular!,0,ill start spectacular,"['ill', 'ill start', 'ill start spectacular', 'start', 'start spectacular', 'spectacular']",1,0,0.2222222222222222
122531,I had my eye troughs done and he did a spectacular job,0,eye trough spectacular job,"['eye', 'eye trough', 'eye trough spectacular', 'eye trough spectacular job', 'trough', 'trough spectacular', 'trough spectacular job', 'spectacular', 'spectacular job', 'job']",1,0,0.15384615384615385
159817,"In UTTER SHOCK at the hostility I was receiving as a first impression to this office I responded with ""I can leave.""",1,utter shock hostility receive impression office respond leave,"['utter', 'utter shock', 'utter shock hostility', 'utter shock hostility receive', 'utter shock hostility receive impression', 'utter shock hostility receive impression office', 'utter shock hostility receive impression office respond', 'utter shock hostility receive impression office respond leave', 'shock', 'shock hostility', 'shock hostility receive', 'shock hostility receive impression', 'shock hostility receive impression office', 'shock hostility receive impression office respond', 'shock hostility receive impression office respond leave', 'hostility', 'hostility receive', 'hostility receive impression', 'hostility receive impression office', 'hostility receive impression office respond', 'hostility receive impression office respond leave', 'receive', 'receive impression', 'receive impression office', 'receive impression office respond', 'receive impression office respond leave', 'impression', 'impression office', 'impression office respond', 'impression office respond leave', 'office', 'office respond', 'office respond leave', 'respond', 'respond leave', 'leave']",0,1,0.05128205128205128
159792,so that he can make proper impression of lower jaw.,0,proper impression low jaw,"['proper', 'proper impression', 'proper impression low', 'proper impression low jaw', 'impression', 'impression low', 'impression low jaw', 'low', 'low jaw', 'jaw']",0,1,0.15384615384615385
162982,They made an awesome first impression.,0,amazing impression,"['amazing', 'amazing impression', 'impression']",0,1,0.3333333333333333
184112,Illuminate just made such an impression on me that I told myself I wanted to let others know !,0,illuminate impression tell want let know,"['illuminate', 'illuminate impression', 'illuminate impression tell', 'illuminate impression tell want', 'illuminate impression tell want let', 'illuminate impression tell want let know', 'impression', 'impression tell', 'impression tell want', 'impression tell want let', 'impression tell want let know', 'tell', 'tell want', 'tell want let', 'tell want let know', 'want', 'want let', 'want let know', 'let', 'let know', 'know']",0,1,0.08333333333333333
159749,so that he can make proper impression of lower jaw.,0,proper impression low jaw,"['proper', 'proper impression', 'proper impression low', 'proper impression low jaw', 'impression', 'impression low', 'impression low jaw', 'low', 'low jaw', 'jaw']",0,1,0.15384615384615385
107812,First impression - the staff is super nice and caring.,0,impression staff super nice dare,"['impression', 'impression staff', 'impression staff super', 'impression staff super nice', 'impression staff super nice dare', 'staff', 'staff super', 'staff super nice', 'staff super nice dare', 'super', 'super nice', 'super nice dare', 'nice', 'nice dare', 'dare']",0,1,0.1111111111111111
88204,"I was under the impression that I will meet with Dr. Jones to consult me, not a coordinator.",1,impression meet consult not coordinate,"['impression', 'impression meet', 'impression meet consult', 'impression meet consult not', 'impression meet consult not coordinate', 'meet', 'meet consult', 'meet consult not', 'meet consult not coordinate', 'consult', 'consult not', 'consult not coordinate', 'not', 'not coordinate', 'coordinate']",0,1,0.1111111111111111
168738,My mom recently went to Khrom Dermatology and she can't stop raving about the spectacular treatment as well as staff.,0,mon recently go dermatology stop rave spectacular treatment staff,"['mon', 'mon recently', 'mon recently go', 'mon recently go dermatology', 'mon recently go dermatology stop', 'mon recently go dermatology stop rave', 'mon recently go dermatology stop rave spectacular', 'mon recently go dermatology stop rave spectacular treatment', 'mon recently go dermatology stop rave spectacular treatment staff', 'recently', 'recently go', 'recently go dermatology', 'recently go dermatology stop', 'recently go dermatology stop rave', 'recently go dermatology stop rave spectacular', 'recently go dermatology stop rave spectacular treatment', 'recently go dermatology stop rave spectacular treatment staff', 'go', 'go dermatology', 'go dermatology stop', 'go dermatology stop rave', 'go dermatology stop rave spectacular', 'go dermatology stop rave spectacular treatment', 'go dermatology stop rave spectacular treatment staff', 'dermatology', 'dermatology stop', 'dermatology stop rave', 'dermatology stop rave spectacular', 'dermatology stop rave spectacular treatment', 'dermatology stop rave spectacular treatment staff', 'stop', 'stop rave', 'stop rave spectacular', 'stop rave spectacular treatment', 'stop rave spectacular treatment staff', 'rave', 'rave spectacular', 'rave spectacular treatment', 'rave spectacular treatment staff', 'spectacular', 'spectacular treatment', 'spectacular treatment staff', 'treatment', 'treatment staff', 'staff']",1,0,0.041666666666666664
122532,I had my eye troughs done and he did a spectacular job,0,eye trough spectacular job,"['eye', 'eye trough', 'eye trough spectacular', 'eye trough spectacular job', 'trough', 'trough spectacular', 'trough spectacular job', 'spectacular', 'spectacular job', 'job']",1,0,0.15384615384615385
123656,"In general my impression of him is of being experienced, kind, caring about helping a patient in a humane way.",0,general impression experience kind dare help patient humane way,"['general', 'general impression', 'general impression experience', 'general impression experience kind', 'general impression experience kind dare', 'general impression experience kind dare help', 'general impression experience kind dare help patient', 'general impression experience kind dare help patient humane', 'general impression experience kind dare help patient humane way', 'impression', 'impression experience', 'impression experience kind', 'impression experience kind dare', 'impression experience kind dare help', 'impression experience kind dare help patient', 'impression experience kind dare help patient humane', 'impression experience kind dare help patient humane way', 'experience', 'experience kind', 'experience kind dare', 'experience kind dare help', 'experience kind dare help patient', 'experience kind dare help patient humane', 'experience kind dare help patient humane way', 'kind', 'kind dare', 'kind dare help', 'kind dare help patient', 'kind dare help patient humane', 'kind dare help patient humane way', 'dare', 'dare help', 'dare help patient', 'dare help patient humane', 'dare help patient humane way', 'help', 'help patient', 'help patient humane', 'help patient humane way', 'patient', 'patient humane', 'patient humane way', 'humane', 'humane way', 'way']",0,1,0.041666666666666664
125399,The office staff are nothing short of spectacular. ????????????,0,office staff short spectacular,"['office', 'office staff', 'office staff short', 'office staff short spectacular', 'staff', 'staff short', 'staff short spectacular', 'short', 'short spectacular', 'spectacular']",1,0,0.15384615384615385
